keyword,weight
African ivory,2
antique bone,2
antique Chinese,2
antique ivory,2
antique netsuke,2
antique tusk,2
asian ivory,2
authentic ivory,2
bone inlay,2
bovine bone,2
carved bone,2
carved Chinese bone,2
carved Chinese faux,2
carved faux,2
carved ivory,2
carved netsuke,2
carved puzzle ball,2
carved tusk,2
cattle bone,2
Chinese bone,2
Chinese carved,2
Chinese deep carved,2
Chinese ivory,2
collectable,1
cross-hatch graining,2
deep carving,2
deep graining,2
estate sale,2
elephant leather,2
elephant leather boots,2
exotic material,2
faux bone,2
faux bovine bone,2
faux ivorine,2
faux ivory,2
fossilized tusk,2
genuine ivory,2
graining,1
hand carved,2
hand-crafted carved,2
heirloom,2
I V Y,2
indian carved,2
ivery,2
ivorine,2
ivory,1
ivory bone,2
ivory color (ed),2
ivory colored,2
ivory colour (ed),2
ivory coloured,2
ivory netsuke,2
IVY,2
Japanese ivory,2
mammoth ivory,2
marine tooth,2
natural grain (ed),2
natural grained,2
natural material,2
natural substance,2
netsuke,2
not bone,2
not bone or resin,2
not man made,2
not resin,2
okimono,2
ox bone,2
patina,2
patination,2
posh bone,2
pre-ban,2
pre-convention,2
raw ivory,2
raw material,2
replica ivory,2
schreger lines,2
scrimshaw,2
striations,2
vintage carved,2
vintage ivory,2
walrus ivory,2
weight/scales,2
whale tooth,2
white gold china,2
white material,2
white plastic,2
worked material,2
elephant hair,2
elephant hair bracelet,2
Iv,2
i v _ _ y,2
🐘,2
Mastodon,2
Bone deco,2
Loxodonta africana skin for sale,2
Mammoth white ice,2
Mammoth ice,2
Ivory phurba,2
Mammoth tusk,2
Elephant tail,2
I V O R Y,2
Elephant placenta,2
Ivory bones,2
Real ivory,2
Real ivory ring,2
Ivory tusks,2
Ivory antiques,2
Elephant tail bracelet,2
Elephant oil,2
Ivory tooth,2
Ivory tooth pendant,2
Carved netsuke,2
Ivory Billiard Balls,2
I*V*0*R*Y,3
Lucchese,2
Antique carving,2
Elephant Leather wallet,2
HB cup,2
Elephant hair ring,2
EH Bangle,2
Mammoth Teeth,2
scaly anteater,2
anteater,2
scaly armadillo,2
armadillo,2
Chuan Shan,2
Squama manitis,2
manis,2
diamond-shape leather,2
exotic leather,2
exotic material,2
scaly armadillo,2
Taxidermy,2
Skin,2
Justin anteater,2
Nocona anteater,2
Lucchese anteater,2
triangle leather,2
Armadillo antipyretic pill,2
Pangolin,2
Exotic cowboy boots,2
Tiger,2
Leopard,2
Lion,2
Cheetah,2
Slow loris,2
Galagos,2
Marmosets,2
Loris,2
Macaque,2
Capuchin,2
Chimpanzee,2
Gorilla,2
Lemur,2
Tamarin,2
Monkey,2
Auspicious turtle shell,2
Sea Turtle taxidermy,2
Turtle Shell Taxidermy,2
Turtle Skull,2
Istar,2
Box turtle taxidermy,2
Auspicious turtle shell,2
Sea Turtle taxidermy,2
Turtle Shell Taxidermy,2
Turtle Skull,2
TTS,2
marine reptile,2
Rhino Horn,2
Owl,2
Kestrel,2
Osprey,2
Falcon,2
Peregrine,2
falcon,2
Gyrfalcon,2
Eagle,2
Hawk,2
Sparrowhawk,2
Goshawk,2
Hawk Eagle,2
Kite,2
Harrier,2
Monk parakeet,2
BNG macaw,2
Taimong,2
Macaque,2
Capuchin,2
Chimpanzee,2
Gibbon,2
Langur,2
Loris,2
Tarsier,2
Marmoset,2
Tamarin,2
Monkey,2
Salva,2
Gekkonidae,2
Varanus Salvator,2
cst,2
Seal Skin,2
象牙,2
XY,2
牙雕,2
Xiangya,2
芯料,2
xiang牙,2
象ya,2
白塑料,2
象 牙,2
象·牙,2
血牙,2
牙尖,2
太阳芯,2
灵芯,2
牙角,2
X牙,2
Ivory,2
果冻,2
非洲,2
网纹,2
黄料,2
ㄨㄚ,2
满文,2
满纹,2
牙牌,2
非料,2
牙圈,2
像牙,2
三无,2
461,2
根付,2
老牙,2
Longsan,2
Tongchi,2
猛犸,2
猛犸,2
象手串,2
猛犸牙雕 / 串珠 / 串手链 / 挂件,2
猛犸象牙,2
象皮粉,2
象毛,2
象尾,2
Wénwan (文玩),2
老象牙,2
象尾毛,2
象牙雕/象牙雕刻,2
牙料,2
象皮，象皮珠,2
象尾绒,2
象尾毛鑰匙扣,2
象神,2
冰料 ,2
猛犸象牙吊坠,2
Minyak Gajah,2
Mani Gajah,2
kristal mani,2
Pak belang,2
Minyak manigajah,2
Mamot,2
Air mani gajah,2
Minyak pengasih dagu,2
Mata puteh,2
鳖甲,2
玳瑁黄金甲,2
穿山甲,2
摸金,2
C山,2
龙甲,2
龙鳞,2
甲片,2
Chuan Shan,2
Jia,2
CSJ,2
炮山甲/炮甲,2
Trenggiling,2
Sisik trenggiling,2
Taxidermied tiger skin,4
Tiger Nail,4
Tiger Mustache,4
Tiger tooth,4
Tiger tooth totem,4
Tibetan necklace,4
Lynx,2
Puma,2
Ocelot,2
Serval,2
Caracal,2
wildcat,2
Pumauk,2
taxidermy,2
skin,2
Fur,2
pelts,2
hair,2
paw,2
claw,2
foot,2
feet,2
teeth,2
tooth,2
skeleton,2
skull,2
bones,2
rug,2
mat,2
exotic,2
Offset,2
Lynx hide,2
Kukang,2
kukang api,2
malu malu,2
kuskus,2
t_lang k_kang,2
Owa,2
owa borneo,2
siamang,2
Monyet kra,2
monyet ekor panjang,2
monpai,2
loris,2
Minyak kukang,2
Minyak ibu duit,2
Orok Moyet,2
Beruk,2
犀牛角,2
披毛犀,2
奇楠,2
沉香,2
达拉干,2
长毛牙/长毛象牙,2
猴头,2
龟壳 ,2
毛丝鼠,2
工艺品,2
熊掌,2
熊胆,2
吸蜜鸚鵡,2
Ophidian,2
Obay,2
Cervidae,2
Unicorn whale,2
Arapaima gigas,2
Hartshorn,2
Spur,2
Cuadra boots + (animal),2
Purple kynam / purple kyara,2
Caiman,2
Hippopotamus,2
Exotic Eel luxurious products,2
Rios of Mercedes,2
Tony lama,2
Pre ban anteater,2
Pre ban anteater,2
Ambergris,2
Qinan/kyara/kynam/kinam,2
Black bear skin / hide / pelt / rug,2
Kangaroo leather,2
aloeswood and eaglewood,2
Nagamani,2
Box turtle taxidermy,2
Pteroglossus aracari ,2
Eudocimus ruber ,2
Agarwood chips ,2
Antique Rhino Horn,2
Antique tortoise shell earrings,2
Tortoise shell pique,2
Auspicious turtle shell,2
Sea Turtle taxidermy,2
Turtle Shell Taxidermy,2
Turtle Skull,2
Tortoise shell comb,2
Istar,2
Tony Lama + leather material,2
Real sesame,2
Ostrich leather,2
Deer bone,2
Deer antlers,2
Pirarucu,2
Deer musk oil,2
Reptiles for sale,2
Vintage crocodile skin,2
Crocodile oil,2
Crocodile skin bag,2
Crocodile skin boots,2
Snake skin bag,2
Python skin,2
Crocodile taxidermy,2
TTS,2
Cayote Teeth,2
cake,0
Foldable,0
Battleship,0
Balloon,0
Jigsaw,0
Nike,0
Chanel,0
Blanket,0
popmart,0
hot wheels,0
car,0
vehicle,0
gundam,0
coin,0
COE,0
toy,0
play,0
fun,0
Mickey,0
Minnie,0
disney,0
roblox,0
plush,0
coin,0
csgo,0
cs2,0
Universal Geneve,0
GUCCI,0
watch,0
play,0
pump,0
Rolls Royce,0
Ticket,0
synthetic,0



